类别,链接
床架,https://www.amazon.com/-/zh/销售排行榜-Home-Kitchen-床架/zgbs/home-garden/3248801011/ref=zg_bs_nav_hg_4_3733101/143-1090106-8097032
床头板,https://www.amazon.com/-/zh/销售排行榜-Home-Kitchen-床头板/zgbs/home-garden/3248802011/ref=zg_bs_nav_hg_5_8521751011/143-1090106-8097032
床尾板,https://www.amazon.com/-/zh/销售排行榜-Home-Kitchen-床尾板/zgbs/home-garden/3248803011/ref=zg_bs_nav_hg_5_8521751011/143-1090106-8097032
整体床,https://www.amazon.com/-/zh/销售排行榜-Home-Kitchen-整体床/zgbs/home-garden/3248804011/ref=zg_bs_nav_hg_4_3733101/143-1090106-8097032
布基板,https://www.amazon.com/-/zh/销售排行榜-Home-Kitchen-布基板/zgbs/home-garden/17388409011/ref=zg_bs_nav_hg_5_17873917011/143-1090106-8097032
床板,https://www.amazon.com/-/zh/销售排行榜-Home-Kitchen-床板/zgbs/home-garden/15659400011/ref=zg_bs_nav_hg_5_17873917011/143-1090106-8097032
弹簧床座,https://www.amazon.com/-/zh/销售排行榜-Home-Kitchen-弹簧床座/zgbs/home-garden/3733071/ref=zg_bs_nav_hg_5_17873917011/143-1090106-8097032
可调节支架,https://www.amazon.com/-/zh/销售排行榜-Home-Kitchen-可调节床架/zgbs/home-garden/17873919011/ref=zg_bs_nav_hg_5_17873917011/143-1090106-8097032
衣柜,https://www.amazon.com/-/zh/销售排行榜-Home-Kitchen-板式、木质衣柜/zgbs/home-garden/3733271/ref=zg_bs_nav_hg_3_1063308/143-1090106-8097032
五斗橱、抽屉柜,https://www.amazon.com/-/zh/销售排行榜-Home-Kitchen-五斗橱、抽屉柜/zgbs/home-garden/3733261/ref=zg_bs_nav_hg_3_1063308/143-1090106-8097032
弹簧床座,https://www.amazon.com/-/zh/销售排行榜-Home-Kitchen-弹簧床座/zgbs/home-garden/3733071/ref=zg_bs_nav_hg_4_3732961/143-1090106-8097032
床垫和弹簧床座套装,https://www.amazon.com/-/zh/销售排行榜-Home-Kitchen-床垫和弹簧床座套装/zgbs/home-garden/3732971/ref=zg_bs_nav_hg_4_3732961/143-1090106-8097032
水床床垫,https://www.amazon.com/-/zh/销售排行榜-Home-Kitchen-水床床垫/zgbs/home-garden/8521806011/ref=zg_bs_nav_hg_4_3732961/143-1090106-8097032
缓冲垫,https://www.amazon.com/-/zh/销售排行榜-Home-Kitchen-缓冲垫/zgbs/home-garden/8521807011/ref=zg_bs_nav_hg_4_3732961/143-1090106-8097032
床头柜,https://www.amazon.com/-/zh/销售排行榜-Home-Kitchen-床头柜/zgbs/home-garden/3733251/ref=zg_bs_nav_hg_3_1063308/143-1090106-8097032
梳妆台和梳妆椅,https://www.amazon.com/-/zh/销售排行榜-Home-Kitchen-梳妆台和梳妆椅/zgbs/home-garden/3733291/ref=zg_bs_nav_hg_3_1063308/143-1090106-8097032
卧室家具套装,https://www.amazon.com/-/zh/销售排行榜-Home-Kitchen-卧室家具套装/zgbs/home-garden/3732931/ref=zg_bs_nav_hg_3_1063308/143-1090106-8097032
被子支架,https://www.amazon.com/-/zh/销售排行榜-Home-Kitchen-衣橱被子支架/zgbs/home-garden/16353441/ref=zg_bs_nav_hg_3_1063308/143-1090106-8097032
电视柜,https://www.amazon.com/-/zh/销售排行榜-Home-Kitchen-电视柜/zgbs/home-garden/14109851/ref=zg_bs_nav_hg_4_1063310/143-1090106-8097032
电视柜,https://www.amazon.com/-/zh/销售排行榜-Electronics-电视柜/zgbs/electronics/21217995011/ref=zg_bs_nav_e_4_21217994011/143-1090106-8097032
电视旋转底座,https://www.amazon.com/-/zh/销售排行榜-Electronics-电视旋转底座/zgbs/electronics/13820211/ref=zg_bs_nav_e_4_21217994011/143-1090106-8097032
电视支架,https://www.amazon.com/-/zh/销售排行榜-Electronics-电视支架/zgbs/electronics/760796/ref=zg_bs_nav_e_4_21217994011/143-1090106-8097032
光碟柜,https://www.amazon.com/-/zh/销售排行榜-Home-Kitchen-光碟柜/zgbs/home-garden/3733321/ref=zg_bs_nav_hg_4_1063310/143-1090106-8097032
家庭影院座椅,https://www.amazon.com/-/zh/销售排行榜-Home-Kitchen-家庭影院座椅/zgbs/home-garden/16169908011/ref=zg_bs_nav_hg_4_1063310/143-1090106-8097032
音箱架,https://www.amazon.com/-/zh/销售排行榜-Home-Kitchen-音箱架/zgbs/home-garden/509308/ref=zg_bs_nav_hg_4_1063310/143-1090106-8097032
音响架,https://www.amazon.com/-/zh/销售排行榜-Home-Kitchen-音响架/zgbs/home-garden/509304/ref=zg_bs_nav_hg_4_1063310/143-1090106-8097032
娱乐柜,https://www.amazon.com/-/zh/销售排行榜-Home-Kitchen-娱乐柜/zgbs/home-garden/3733331/ref=zg_bs_nav_hg_4_1063310/143-1090106-8097032
客厅家具套装,https://www.amazon.com/-/zh/销售排行榜-Home-Kitchen-客厅家具套装/zgbs/home-garden/3733481/ref=zg_bs_nav_hg_3_1063318/143-1090106-8097032
防滑床垫,https://www.amazon.com/-/zh/销售排行榜-Home-Kitchen-防滑床垫/zgbs/home-garden/21412124011/ref=zg_bs_nav_hg_4_13753041/143-1090106-8097032
沙发床垫,https://www.amazon.com/-/zh/销售排行榜-Home-Kitchen-沙发床垫/zgbs/home-garden/3732941/ref=zg_bs_nav_hg_4_13753041/143-1090106-8097032
沙发床架,https://www.amazon.com/-/zh/销售排行榜-Home-Kitchen-沙发床架/zgbs/home-garden/3732951/ref=zg_bs_nav_hg_4_13753041/143-1090106-8097032
沙发床套装,https://www.amazon.com/-/zh/销售排行榜-Home-Kitchen-沙发床套装/zgbs/home-garden/16417347011/ref=zg_bs_nav_hg_4_13753041/143-1090106-8097032
沙发,https://www.amazon.com/-/zh/销售排行榜-Home-Kitchen-多人沙发/zgbs/home-garden/3733551/ref=zg_bs_nav_hg_3_1063318/143-1090106-8097032
休闲椅,https://www.amazon.com/-/zh/销售排行榜-Home-Kitchen-休闲椅/zgbs/home-garden/3733601/ref=zg_bs_nav_hg_3_1063318/143-1090106-8097032
椅凳,https://www.amazon.com/-/zh/销售排行榜-Home-Kitchen-客厅单人椅/zgbs/home-garden/3733491/ref=zg_bs_nav_hg_3_1063318/143-1090106-8097032
茶几,https://www.amazon.com/-/zh/销售排行榜-Home-Kitchen-客厅边桌/zgbs/home-garden/3733641/ref=zg_bs_nav_hg_4_680098011/143-1090106-8097032
电话桌边桌,https://www.amazon.com/-/zh/销售排行榜-Home-Kitchen-电话桌边桌/zgbs/home-garden/16924817011/ref=zg_bs_nav_hg_4_680098011/143-1090106-8097032
咖啡桌,https://www.amazon.com/-/zh/销售排行榜-Home-Kitchen-茶几/zgbs/home-garden/3733631/ref=zg_bs_nav_hg_4_680098011/143-1090106-8097032
客厅组合桌,https://www.amazon.com/-/zh/销售排行榜-Home-Kitchen-客厅组合桌/zgbs/home-garden/16924816011/ref=zg_bs_nav_hg_4_680098011/143-1090106-8097032
三套桌,https://www.amazon.com/-/zh/销售排行榜-Home-Kitchen-三套桌/zgbs/home-garden/3734221/ref=zg_bs_nav_hg_4_680098011/143-1090106-8097032
玄关桌,https://www.amazon.com/-/zh/销售排行榜-Home-Kitchen-玄关桌/zgbs/home-garden/3733651/ref=zg_bs_nav_hg_4_680098011/143-1090106-8097032
柱脚桌,https://www.amazon.com/-/zh/销售排行榜-Home-Kitchen-柱脚桌/zgbs/home-garden/3734211/ref=zg_bs_nav_hg_4_680098011/143-1090106-8097032
餐边柜、餐具柜,https://www.amazon.com/-/zh/销售排行榜-Home-Kitchen-餐边柜、餐具柜/zgbs/home-garden/3733831/ref=zg_bs_nav_hg_3_3733781/143-1090106-8097032
餐厅家具套装,https://www.amazon.com/-/zh/销售排行榜-Home-Kitchen-餐厅家具套装/zgbs/home-garden/8566630011/ref=zg_bs_nav_hg_3_3733781/143-1090106-8097032
餐椅,https://www.amazon.com/-/zh/销售排行榜-Home-Kitchen-餐椅/zgbs/home-garden/3733821/ref=zg_bs_nav_hg_3_3733781/143-1090106-8097032
餐桌,https://www.amazon.com/-/zh/销售排行榜-Home-Kitchen-餐桌/zgbs/home-garden/3733811/ref=zg_bs_nav_hg_3_3733781/143-1090106-8097032
厨用置物架,https://www.amazon.com/-/zh/销售排行榜-Home-Kitchen-厨用置物架/zgbs/home-garden/8521400011/ref=zg_bs_nav_hg_3_3733781/143-1090106-8097032
橱柜,https://www.amazon.com/-/zh/销售排行榜-Home-Kitchen-橱柜/zgbs/home-garden/16187580011/ref=zg_bs_nav_hg_3_3733781/143-1090106-8097032
长条椅,https://www.amazon.com/-/zh/销售排行榜-Home-Kitchen-长条餐椅/zgbs/home-garden/8521399011/ref=zg_bs_nav_hg_3_3733781/143-1090106-8097032
立式置物架,https://www.amazon.com/-/zh/销售排行榜-Home-Kitchen-立式置物架/zgbs/home-garden/16354261/ref=zg_bs_nav_hg_4_3744061/143-1090106-8097032
三角置物架,https://www.amazon.com/-/zh/销售排行榜-Home-Kitchen-三角置物架/zgbs/home-garden/16354281/ref=zg_bs_nav_hg_4_3744061/143-1090106-8097032
中式立柜,https://www.amazon.com/-/zh/销售排行榜-Home-Kitchen-中式立柜/zgbs/home-garden/3733841/ref=zg_bs_nav_hg_3_3733781/143-1090106-8097032
办公家具套装,https://www.amazon.com/-/zh/销售排行榜-Home-Kitchen-办公家具套装/zgbs/home-garden/3733661/ref=zg_bs_nav_hg_3_1063312/143-1090106-8097032
办公桌组合柜,https://www.amazon.com/-/zh/销售排行榜-Home-Kitchen-组合柜/zgbs/home-garden/3254638011/ref=zg_bs_nav_hg_3_1063312/143-1090106-8097032
电脑桌书柜组合,https://www.amazon.com/-/zh/销售排行榜-Home-Kitchen-电脑桌书柜组合/zgbs/home-garden/3733751/ref=zg_bs_nav_hg_3_1063312/143-1090106-8097032
工作室文件柜,https://www.amazon.com/-/zh/销售排行榜-Home-Kitchen-工作室文件柜/zgbs/home-garden/3733761/ref=zg_bs_nav_hg_3_1063312/143-1090106-8097032
绘图桌,https://www.amazon.com/-/zh/销售排行榜-Home-Kitchen-绘图桌/zgbs/home-garden/3733771/ref=zg_bs_nav_hg_3_1063312/143-1090106-8097032
办公椅,https://www.amazon.com/-/zh/销售排行榜-Home-Kitchen-办公椅/zgbs/home-garden/3733721/ref=zg_bs_nav_hg_4_18682064011/143-1090106-8097032
PC电竞椅,https://www.amazon.com/-/zh/销售排行榜-Home-Kitchen-PC电竞椅/zgbs/home-garden/18682063011/ref=zg_bs_nav_hg_4_18682064011/143-1090106-8097032
绘图椅,https://www.amazon.com/-/zh/销售排行榜-Home-Kitchen-办公绘图椅/zgbs/home-garden/1069142/ref=zg_bs_nav_hg_4_18682064011/143-1090106-8097032
跪坐平衡椅,https://www.amazon.com/-/zh/销售排行榜-Home-Kitchen-跪坐平衡椅/zgbs/home-garden/18682065011/ref=zg_bs_nav_hg_4_18682064011/143-1090106-8097032
书架,https://www.amazon.com/-/zh/销售排行榜-Home-Kitchen-办公书架/zgbs/home-garden/10824421/ref=zg_bs_nav_hg_3_1063312/143-1090106-8097032
书桌,https://www.amazon.com/-/zh/销售排行榜-Home-Kitchen-书桌/zgbs/home-garden/3733671/ref=zg_bs_nav_hg_3_1063312/143-1090106-8097032
横排文件柜,https://www.amazon.com/-/zh/销售排行榜-Office-Products-办公室横排文件柜/zgbs/office-products/490877011/ref=zg_bs_nav_op_4_1069166/143-1090106-8097032
卡片档案箱,https://www.amazon.com/-/zh/销售排行榜-Office-Products-卡片档案箱/zgbs/office-products/1271826011/ref=zg_bs_nav_op_4_1069166/143-1090106-8097032
十抽文件柜,https://www.amazon.com/-/zh/销售排行榜-Office-Products-办公室十抽文件柜/zgbs/office-products/490876011/ref=zg_bs_nav_op_4_1069166/143-1090106-8097032
竖式文件柜,https://www.amazon.com/-/zh/销售排行榜-Office-Products-办公室竖式文件柜/zgbs/office-products/490881011/ref=zg_bs_nav_op_4_1069166/143-1090106-8097032
五斗柜、文件柜,https://www.amazon.com/-/zh/销售排行榜-Office-Products-办公室五斗柜、文件柜/zgbs/office-products/490922011/ref=zg_bs_nav_op_4_1069166/143-1090106-8097032
移动文件柜,https://www.amazon.com/-/zh/销售排行榜-Office-Products-办公室抽屉柜/zgbs/office-products/490883011/ref=zg_bs_nav_op_4_1069166/143-1090106-8097032
床架、床头板和床尾板,https://www.amazon.com/-/zh/销售排行榜-Home-Kitchen-儿童床架、床头板/zgbs/home-garden/3733361/ref=zg_bs_nav_hg_3_1063314/143-1090106-8097032
儿童床头柜,https://www.amazon.com/-/zh/销售排行榜-Home-Kitchen-儿童床头柜/zgbs/home-garden/2206474011/ref=zg_bs_nav_hg_3_1063314/143-1090106-8097032
儿童脚凳,https://www.amazon.com/-/zh/销售排行榜-Home-Kitchen-儿童步凳/zgbs/home-garden/3733421/ref=zg_bs_nav_hg_3_1063314/143-1090106-8097032
儿童脚垫,https://www.amazon.com/-/zh/销售排行榜-Home-Kitchen-儿童脚垫/zgbs/home-garden/2206473011/ref=zg_bs_nav_hg_3_1063314/143-1090106-8097032
儿童沙发,https://www.amazon.com/-/zh/销售排行榜-Home-Kitchen-儿童沙发/zgbs/home-garden/3733401/ref=zg_bs_nav_hg_3_1063314/143-1090106-8097032
儿童梳妆台,https://www.amazon.com/-/zh/销售排行榜-Home-Kitchen-儿童梳妆台/zgbs/home-garden/2206475011/ref=zg_bs_nav_hg_3_1063314/143-1090106-8097032
儿童玩具收纳箱,https://www.amazon.com/-/zh/销售排行榜-Home-Kitchen-儿童玩具收纳箱/zgbs/home-garden/2528607011/ref=zg_bs_nav_hg_3_1063314/143-1090106-8097032
儿童板凳,https://www.amazon.com/-/zh/销售排行榜-Home-Kitchen-儿童板凳/zgbs/home-garden/14109931/ref=zg_bs_nav_hg_4_14109871/143-1090106-8097032
儿童软榻、床尾凳,https://www.amazon.com/-/zh/销售排行榜-Home-Kitchen-儿童软榻、床尾凳/zgbs/home-garden/14109861/ref=zg_bs_nav_hg_4_14109871/143-1090106-8097032
扶手椅,https://www.amazon.com/-/zh/销售排行榜-Home-Kitchen-儿童扶手椅/zgbs/home-garden/14109921/ref=zg_bs_nav_hg_4_14109871/143-1090106-8097032
懒人沙发,https://www.amazon.com/-/zh/销售排行榜-Home-Kitchen-儿童豆袋椅/zgbs/home-garden/14109891/ref=zg_bs_nav_hg_4_14109871/143-1090106-8097032
书桌椅,https://www.amazon.com/-/zh/销售排行榜-Home-Kitchen-儿童书桌椅/zgbs/home-garden/2206472011/ref=zg_bs_nav_hg_4_14109871/143-1090106-8097032
躺椅,https://www.amazon.com/-/zh/销售排行榜-Home-Kitchen-儿童躺椅/zgbs/home-garden/8517802011/ref=zg_bs_nav_hg_4_14109871/143-1090106-8097032
摇椅,https://www.amazon.com/-/zh/销售排行榜-Home-Kitchen-儿童摇椅/zgbs/home-garden/14109901/ref=zg_bs_nav_hg_4_14109871/143-1090106-8097032
折叠椅,https://www.amazon.com/-/zh/销售排行榜-Home-Kitchen-儿童折叠椅/zgbs/home-garden/14109911/ref=zg_bs_nav_hg_4_14109871/143-1090106-8097032
蒲团,https://www.amazon.com/-/zh/销售排行榜-Home-Kitchen-儿童蒲团/zgbs/home-garden/16187951011/ref=zg_bs_nav_hg_3_1063314/143-1090106-8097032
收纳篮,https://www.amazon.com/-/zh/销售排行榜-Home-Kitchen-婴幼儿收纳篮/zgbs/home-garden/2425275011/ref=zg_bs_nav_hg_3_1063314/143-1090106-8097032
书柜、文件柜和置物架,https://www.amazon.com/-/zh/销售排行榜-Home-Kitchen-儿童书柜、文件柜和置物架/zgbs/home-garden/3733381/ref=zg_bs_nav_hg_3_1063314/143-1090106-8097032
玩具箱和收纳,https://www.amazon.com/-/zh/销售排行榜-Home-Kitchen-玩具箱和收纳/zgbs/home-garden/16545441011/ref=zg_bs_nav_hg_3_1063314/143-1090106-8097032
卧室套装,https://www.amazon.com/-/zh/销售排行榜-Home-Kitchen-儿童卧室套装/zgbs/home-garden/3733351/ref=zg_bs_nav_hg_3_1063314/143-1090106-8097032
衣柜和梳妆台,https://www.amazon.com/-/zh/销售排行榜-Home-Kitchen-儿童衣柜和梳妆台/zgbs/home-garden/3733371/ref=zg_bs_nav_hg_3_1063314/143-1090106-8097032
儿童小桌子,https://www.amazon.com/-/zh/销售排行榜-Home-Kitchen-儿童小桌子/zgbs/home-garden/3733431/ref=zg_bs_nav_hg_4_8529229011/143-1090106-8097032
桌子和椅子套装,https://www.amazon.com/-/zh/销售排行榜-Home-Kitchen-儿童桌椅套装/zgbs/home-garden/8529230011/ref=zg_bs_nav_hg_4_8529229011/143-1090106-8097032
成长桌椅套装,https://www.amazon.com/-/zh/销售排行榜-Home-Kitchen-成长桌椅套装/zgbs/home-garden/8529228011/ref=zg_bs_nav_hg_4_8529227011/143-1090106-8097032
儿童书桌,https://www.amazon.com/-/zh/销售排行榜-Home-Kitchen-儿童书桌/zgbs/home-garden/349082011/ref=zg_bs_nav_hg_4_8529227011/143-1090106-8097032
换鞋凳,https://www.amazon.com/-/zh/销售排行榜-Home-Kitchen-换鞋凳/zgbs/home-garden/3734121/ref=zg_bs_nav_hg_3_3249856011/143-1090106-8097032
衣帽架,https://www.amazon.com/-/zh/销售排行榜-Home-Kitchen-衣帽架/zgbs/home-garden/3744441/ref=zg_bs_nav_hg_3_3249856011/143-1090106-8097032
玄关桌,https://www.amazon.com/-/zh/销售排行榜-Home-Kitchen-玄关桌/zgbs/home-garden/3733651/ref=zg_bs_nav_hg_3_3249856011/143-1090106-8097032
柱式衣帽架,https://www.amazon.com/-/zh/销售排行榜-Home-Kitchen-柱式衣帽架/zgbs/home-garden/16924821011/ref=zg_bs_nav_hg_3_3249856011/143-1090106-8097032
吧椅,https://www.amazon.com/-/zh/销售排行榜-Home-Kitchen-吧椅/zgbs/home-garden/3733851/ref=zg_bs_nav_hg_4_3734101/143-1090106-8097032
餐边手推架,https://www.amazon.com/-/zh/销售排行榜-Home-Kitchen-餐边手推架/zgbs/home-garden/16354791/ref=zg_bs_nav_hg_4_3734101/143-1090106-8097032
酒柜,https://www.amazon.com/-/zh/销售排行榜-Home-Kitchen-酒柜/zgbs/home-garden/3250050011/ref=zg_bs_nav_hg_5_405814011/143-1090106-8097032
吧台桌,https://www.amazon.com/-/zh/销售排行榜-Home-Kitchen-吧台桌/zgbs/home-garden/3250051011/ref=zg_bs_nav_hg_5_405814011/143-1090106-8097032
酒吧柜,https://www.amazon.com/-/zh/销售排行榜-Home-Kitchen-酒吧柜/zgbs/home-garden/3250053011/ref=zg_bs_nav_hg_5_405814011/143-1090106-8097032
摆动式沙发长躺椅,https://www.amazon.com/-/zh/销售排行榜-Home-Kitchen-摆动式沙发椅/zgbs/home-garden/679541011/ref=zg_bs_nav_hg_3_5422303011/143-1090106-8097032
导演椅,https://www.amazon.com/-/zh/销售排行榜-Home-Kitchen-导演椅/zgbs/home-garden/681148011/ref=zg_bs_nav_hg_3_5422303011/143-1090106-8097032
电视柜,https://www.amazon.com/-/zh/销售排行榜-Home-Kitchen-电视柜/zgbs/home-garden/14109851/ref=zg_bs_nav_hg_4_1063310/143-1090106-8097032
电视柜,https://www.amazon.com/-/zh/销售排行榜-Electronics-电视柜/zgbs/electronics/21217995011/ref=zg_bs_nav_e_4_21217994011/143-1090106-8097032
电视旋转底座,https://www.amazon.com/-/zh/销售排行榜-Electronics-电视旋转底座/zgbs/electronics/13820211/ref=zg_bs_nav_e_4_21217994011/143-1090106-8097032
电视支架,https://www.amazon.com/-/zh/销售排行榜-Electronics-电视支架/zgbs/electronics/760796/ref=zg_bs_nav_e_4_21217994011/143-1090106-8097032
光碟柜,https://www.amazon.com/-/zh/销售排行榜-Home-Kitchen-光碟柜/zgbs/home-garden/3733321/ref=zg_bs_nav_hg_4_1063310/143-1090106-8097032
家庭影院座椅,https://www.amazon.com/-/zh/销售排行榜-Home-Kitchen-家庭影院座椅/zgbs/home-garden/16169908011/ref=zg_bs_nav_hg_4_1063310/143-1090106-8097032
音箱架,https://www.amazon.com/-/zh/销售排行榜-Home-Kitchen-音箱架/zgbs/home-garden/509308/ref=zg_bs_nav_hg_4_1063310/143-1090106-8097032
音响架,https://www.amazon.com/-/zh/销售排行榜-Home-Kitchen-音响架/zgbs/home-garden/509304/ref=zg_bs_nav_hg_4_1063310/143-1090106-8097032
娱乐柜,https://www.amazon.com/-/zh/销售排行榜-Home-Kitchen-娱乐柜/zgbs/home-garden/3733331/ref=zg_bs_nav_hg_4_1063310/143-1090106-8097032
折叠桌,https://www.amazon.com/-/zh/销售排行榜-Home-Kitchen-折叠桌/zgbs/home-garden/3734181/ref=zg_bs_nav_hg_4_8516085011/143-1090106-8097032
折叠椅,https://www.amazon.com/-/zh/销售排行榜-Home-Kitchen-折叠椅/zgbs/home-garden/3734151/ref=zg_bs_nav_hg_4_8516085011/143-1090106-8097032
懒人沙发,https://www.amazon.com/-/zh/销售排行榜-Home-Kitchen-懒人沙发/zgbs/home-garden/3733531/ref=zg_bs_nav_hg_3_5422303011/143-1090106-8097032
电竞椅,https://www.amazon.com/-/zh/销售排行榜-Home-Kitchen-电竞椅/zgbs/home-garden/668180011/ref=zg_bs_nav_hg_4_18682062011/143-1090106-8097032
PC电竞椅,https://www.amazon.com/-/zh/销售排行榜-Home-Kitchen-PC电竞椅/zgbs/home-garden/18682063011/ref=zg_bs_nav_hg_4_18682062011/143-1090106-8097032
游戏桌,https://www.amazon.com/-/zh/销售排行榜-Home-Kitchen-游戏和卡桌/zgbs/home-garden/3733301/ref=zg_bs_nav_hg_3_5422303011/143-1090106-8097032
折叠凳,https://www.amazon.com/-/zh/销售排行榜-Home-Kitchen-折叠凳/zgbs/home-garden/681149011/ref=zg_bs_nav_hg_3_5422303011/143-1090106-8097032
置物架,https://www.amazon.com/-/zh/销售排行榜-Home-Kitchen-电视架/zgbs/home-garden/8516652011/ref=zg_bs_nav_hg_3_5422303011/143-1090106-8097032
马桶上方储物柜,https://www.amazon.com/-/zh/销售排行榜-Home-Kitchen-马桶上方储物柜/zgbs/home-garden/16187581011/ref=zg_bs_nav_hg_3_5392425011/143-1090106-8097032
化妆柜、药品柜,https://www.amazon.com/-/zh/销售排行榜-Home-Kitchen-浴室化妆柜、药品柜/zgbs/home-garden/3743901/ref=zg_bs_nav_hg_3_5392425011/143-1090106-8097032
浴室家具套装,https://www.amazon.com/-/zh/销售排行榜-Home-Kitchen-浴室家具套装/zgbs/home-garden/3732921/ref=zg_bs_nav_hg_3_5392425011/143-1090106-8097032
壁挂式化妆镜,https://www.amazon.com/-/zh/销售排行榜-Home-Kitchen-壁挂式化妆镜/zgbs/home-garden/17738953011/ref=zg_bs_nav_hg_4_13749901/143-1090106-8097032
化妆镜,https://www.amazon.com/-/zh/销售排行榜-Home-Kitchen-个人化妆镜/zgbs/home-garden/3785121/ref=zg_bs_nav_hg_4_13749901/143-1090106-8097032
浴室镜,https://www.amazon.com/-/zh/销售排行榜-Home-Kitchen-浴室镜/zgbs/home-garden/3785131/ref=zg_bs_nav_hg_4_13749901/143-1090106-8097032
家具套装,https://www.amazon.com/-/zh/销售排行榜-Home-Kitchen-婴幼儿家具套装/zgbs/home-garden/2237483011/ref=zg_bs_nav_hg_3_13552765011/143-1090106-8097032
收纳凳,https://www.amazon.com/-/zh/销售排行榜-Baby-婴儿收纳凳/zgbs/baby-products/5823110011/ref=zg_bs_nav_ba_4_239222011/143-1090106-8097032
软垫凳,https://www.amazon.com/-/zh/销售排行榜-Baby-育儿软垫凳/zgbs/baby-products/5819721011/ref=zg_bs_nav_ba_4_239222011/143-1090106-8097032
摇椅,https://www.amazon.com/-/zh/销售排行榜-Baby-育儿摇椅/zgbs/baby-products/5819722011/ref=zg_bs_nav_ba_4_239222011/143-1090106-8097032
摆动式沙发长躺椅,https://www.amazon.com/-/zh/销售排行榜-Baby-摆动式沙发椅/zgbs/baby-products/679541011/ref=zg_bs_nav_ba_4_239222011/143-1090106-8097032
摇篮床垫,https://www.amazon.com/-/zh/销售排行榜-Home-Kitchen-摇篮床垫/zgbs/home-garden/677977011/ref=zg_bs_nav_hg_4_15566954011/143-1090106-8097032
摇篮,https://www.amazon.com/-/zh/销售排行榜-Home-Kitchen-摇篮/zgbs/home-garden/677978011/ref=zg_bs_nav_hg_4_15566954011/143-1090106-8097032
婴儿床,https://www.amazon.com/-/zh/销售排行榜-Home-Kitchen-婴儿床/zgbs/home-garden/166815011/ref=zg_bs_nav_hg_4_15566954011/143-1090106-8097032
儿童床,https://www.amazon.com/-/zh/销售排行榜-Home-Kitchen-儿童床/zgbs/home-garden/239224011/ref=zg_bs_nav_hg_4_15566954011/143-1090106-8097032
摇篮床床垫,https://www.amazon.com/-/zh/销售排行榜-Baby-摇篮床床垫/zgbs/baby-products/166819011/ref=zg_bs_nav_ba_4_166817011/143-1090106-8097032
婴儿床床垫,https://www.amazon.com/-/zh/销售排行榜-Baby-婴幼儿床床垫/zgbs/baby-products/166820011/ref=zg_bs_nav_ba_4_166817011/143-1090106-8097032
游乐设施垫,https://www.amazon.com/-/zh/销售排行榜-Baby-游乐设施垫/zgbs/baby-products/166823011/ref=zg_bs_nav_ba_4_166817011/143-1090106-8097032
尿布台,https://www.amazon.com/-/zh/销售排行榜-Home-Kitchen-尿布台/zgbs/home-garden/166811011/ref=zg_bs_nav_hg_4_13552766011/143-1090106-8097032
五斗柜、衣柜,https://www.amazon.com/-/zh/销售排行榜-Home-Kitchen-五斗柜、衣柜/zgbs/home-garden/5821987011/ref=zg_bs_nav_hg_4_13552766011/143-1090106-8097032
被子支架,https://www.amazon.com/-/zh/销售排行榜-Home-Kitchen-衣橱被子支架/zgbs/home-garden/16353441/ref=zg_bs_nav_hg_3_16543322011/143-1090106-8097032
玻璃展柜,https://www.amazon.com/-/zh/销售排行榜-Home-Kitchen-玻璃展柜/zgbs/home-garden/3734251/ref=zg_bs_nav_hg_3_16543322011/143-1090106-8097032
茶几,https://www.amazon.com/-/zh/销售排行榜-Home-Kitchen-客厅边桌/zgbs/home-garden/3733641/ref=zg_bs_nav_hg_3_16543322011/143-1090106-8097032
储物箱,https://www.amazon.com/-/zh/销售排行榜-Home-Kitchen-储物箱/zgbs/home-garden/3734271/ref=zg_bs_nav_hg_3_16543322011/143-1090106-8097032
电话桌边桌,https://www.amazon.com/-/zh/销售排行榜-Home-Kitchen-电话桌边桌/zgbs/home-garden/16924817011/ref=zg_bs_nav_hg_3_16543322011/143-1090106-8097032
门厅收纳柜,https://www.amazon.com/-/zh/销售排行榜-Home-Kitchen-门厅收纳柜/zgbs/home-garden/681151011/ref=zg_bs_nav_hg_3_16543322011/143-1090106-8097032
蒲团,https://www.amazon.com/-/zh/销售排行榜-Home-Kitchen-蒲团/zgbs/home-garden/16183925011/ref=zg_bs_nav_hg_3_16543322011/143-1090106-8097032
软垫凳和带储藏箱的软垫凳,https://www.amazon.com/-/zh/销售排行榜-Home-Kitchen-软垫凳和带储藏箱的软垫凳/zgbs/home-garden/3254639011/ref=zg_bs_nav_hg_3_16543322011/143-1090106-8097032
玄关桌,https://www.amazon.com/-/zh/销售排行榜-Home-Kitchen-玄关桌/zgbs/home-garden/3733651/ref=zg_bs_nav_hg_3_16543322011/143-1090106-8097032
收纳箱,https://www.amazon.com/-/zh/销售排行榜-Home-Kitchen-收纳箱/zgbs/home-garden/684877011/ref=zg_bs_nav_hg_3_16543322011/143-1090106-8097032
三套桌,https://www.amazon.com/-/zh/销售排行榜-Home-Kitchen-三套桌/zgbs/home-garden/3734221/ref=zg_bs_nav_hg_3_16543322011/143-1090106-8097032
梯架,https://www.amazon.com/-/zh/销售排行榜-Home-Kitchen-梯架/zgbs/home-garden/3733741/ref=zg_bs_nav_hg_3_16543322011/143-1090106-8097032
卧室屏风,https://www.amazon.com/-/zh/销售排行榜-Home-Kitchen-屏风/zgbs/home-garden/3734261/ref=zg_bs_nav_hg_3_16543322011/143-1090106-8097032
床零配件,https://www.amazon.com/-/zh/销售排行榜-Home-Kitchen-床替换零件/zgbs/home-garden/8516081011/ref=zg_bs_nav_hg_3_8516080011/143-1090106-8097032
沙发零件,https://www.amazon.com/-/zh/销售排行榜-Home-Kitchen-沙发替换零件/zgbs/home-garden/8516083011/ref=zg_bs_nav_hg_3_8516080011/143-1090106-8097032
躺椅零件,https://www.amazon.com/-/zh/销售排行榜-Home-Kitchen-躺椅替换零件/zgbs/home-garden/8516082011/ref=zg_bs_nav_hg_3_8516080011/143-1090106-8097032
